542,Topics in Epistemology,Kornblith,Tu 1-3:30,South College E301
591A,Topics in Ancient Philosophy,de Harven,W 12:20-2:50,South College E301
593C,Seminar - Counterfactuals,Pérez Carballo,W 4-6:30,South College E301
595K,Seminar – Kantian Ethics,Garcia,M 12:20-2:50,South College E301
596,Independent Study,By arrangement,—,—
700,Proseminar,Antony / Klement,W 4-6:30,South College E301
741,Seminar in Metaphysics,Markosian,Th 4-6:30,South College E301
753,Seminar in Philosophy of Science,Meacham,Tu 1-3:30,South College E301
760,Seminar in Ethics,Graham,M 7-9:30,South College E301
796,Independent Study,By arrangement,-,-
891D,Dissertation Seminar,Bricker,-,-